{
  "type": "minecraft:jigsaw",
  "biomes": "#towns_and_towers:has_structure/pillager_outpost_taiga",
  "max_distance_from_center": 80,
  "project_start_to_heightmap": "WORLD_SURFACE_WG",
  "size": 7,
  "spawn_overrides": {
    "monster": {
      "bounding_box": "full",
      "spawns": [
        {
          "type": "minecraft:pillager",
          "maxCount": 2,
          "minCount": 1,
          "weight": 1
        }
      ]
    }
  },
  "start_height": {
    "absolute": 0
  },
  "start_pool": "kaisyn:outpost/towers/taiga/base_plate",
  "step": "fluid_springs",
  "terrain_adaptation": "beard_thin",
  "use_expansion_hack": true
}